,id,original_language,original_title,popularity,release_date,vote_average,vote_count,genre,overview,revenue,runtime,tagline
0,580489,en,Venom: Let There Be Carnage,5401.308,2021-09-30,6.8,1736,"['Science Fiction', 'Action', 'Adventure']","After finding a host body in investigative reporter Eddie Brock, the alien symbiote must face a new enemy, Carnage, the alter ego of serial killer Cletus Kasady.",424000000,97,
1,524434,en,Eternals,3365.535,2021-11-03,7.1,622,"['Action', 'Adventure', 'Science Fiction', 'Fantasy']","The Eternals are a team of ancient aliens who have been living on Earth in secret for thousands of years. When an unexpected tragedy forces them out of the shadows, they are forced to reunite against mankind’s most ancient enemy, the Deviants.",165000000,157,In the beginning...
2,438631,en,Dune,2911.423,2021-09-15,8.0,3632,"['Action', 'Adventure', 'Science Fiction']","Paul Atreides, a brilliant and gifted young man born into a great destiny beyond his understanding, must travel to the most dangerous planet in the universe to ensure the future of his family and his people. As malevolent forces explode into conflict over the planet's exclusive supply of the most precious resource in existence-a commodity capable of unlocking humanity's greatest potential-only those who can conquer their fear will survive.",331116356,155,"Beyond fear, destiny awaits."
3,796499,en,Army of Thieves,2552.437,2021-10-27,6.9,555,"['Action', 'Crime', 'Thriller']",A mysterious woman recruits bank teller Ludwig Dieter to lead a group of aspiring thieves on a top-secret heist during the early stages of the zombie apocalypse.,0,127,"Before Vegas, one locksmith became a legend."
4,550988,en,Free Guy,1850.47,2021-08-11,7.8,3493,"['Comedy', 'Action', 'Adventure', 'Science Fiction']",A bank teller called Guy realizes he is a background character in an open world video game called Free City that will soon go offline.,331096766,115,Life's too short to be a background character.
5,574060,en,Gunpowder Milkshake,1453.423,2021-07-14,6.5,347,"['Action', 'Thriller', 'Crime']","In her turbulent life as a professional assassin, Sam has no choice but to go rogue to save the life of an innocent 8-year-old girl in the middle of the gang war she has unleashed.",344931,114,Revenge is best served ice cold.
6,335983,en,Venom,1212.352,2018-09-28,6.8,12126,"['Science Fiction', 'Action']","Investigative journalist Eddie Brock attempts a comeback following a scandal, but accidentally becomes the host of Venom, a violent, super powerful alien symbiote. Soon, he must rely on his newfound powers to protect the world from a shadowy organization looking for a symbiote of their own.",855013954,112,The world has enough Superheroes.
7,610253,en,Halloween Kills,1023.024,2021-10-14,7.0,1134,"['Horror', 'Thriller']","Minutes after Laurie Strode, her daughter Karen and granddaughter Allyson left masked monster Michael Myers caged and burning in Laurie's basement, Laurie is rushed to the hospital with life-threatening injuries, believing she finally killed her lifelong tormentor. But when Michael manages to free himself from Laurie's trap, his ritual bloodbath resumes. As Laurie fights her pain and prepares to defend herself against him, she inspires all of Haddonfield to rise up against their unstoppable monster. The Strode women join a group of other survivors of Michael's first rampage who decide to take matters into their own hands, forming a vigilante mob that sets out to hunt Michael down, once and for all.",118852075,105,Evil dies tonight.
8,871964,pl,W lesie dziś nie zaśnie nikt 2,1089.852,2021-10-27,4.1,72,"['Horror', 'Thriller']","When something horrible happens to the only survivor of a bloody massacre, an insecure rookie cop must overcome his fears to stop further carnage.",0,96,
9,768449,en,American Badger,1148.822,2021-03-05,6.3,14,"['Action', 'Thriller']","A seemingly cold-blooded hitman is assigned to befriend a call girl, but all hell breaks loose when he is assigned to kill her.",0,88,Justice Before Redemption
10,639721,en,The Addams Family 2,1031.821,2021-10-01,7.4,562,"['Animation', 'Comedy', 'Family']",The Addams get tangled up in more wacky adventures and find themselves involved in hilarious run-ins with all sorts of unsuspecting characters.,93258233,93,Unhappy to see you again.
11,843241,ja,劇場版 七つの大罪 光に呪われし者たち,1108.815,2021-07-02,8.4,210,"['Animation', 'Action']","With the help of the ""Dragon Sin of Wrath"" Meliodas and the worst rebels in history, the Seven Deadly Sins, the ""Holy War"", in which four races, including Humans, Goddesses, Fairies and Giants fought against the Demons, is finally over. At the cost of the ""Lion Sin of Pride"" Escanor's life, the Demon King was defeated and the world regained peace. After that, each of the Sins take their own path.",0,0,
12,566525,en,Shang-Chi and the Legend of the Ten Rings,1327.18,2021-09-01,7.7,1414,"['Action', 'Adventure', 'Fantasy']",Shang-Chi must confront the past he thought he left behind when he is drawn into the web of the mysterious Ten Rings organization.,427480601,132,You can't outrun your destiny.
13,568620,en,Snake Eyes: G.I. Joe Origins,1052.222,2021-07-22,6.9,786,"['Action', 'Adventure']","After saving the life of their heir apparent, tenacious loner Snake Eyes is welcomed into an ancient Japanese clan called the Arashikage where he is taught the ways of the ninja warrior. But, when secrets from his past are revealed, Snake Eyes' honor and allegiance will be tested – even if that means losing the trust of those closest to him.",36964325,121,Every warrior has a beginning.
14,630004,en,The Vault,1046.86,2021-03-03,7.1,392,"['Crime', 'Action', 'Thriller']","When an engineer learns of a mysterious, impenetrable fortress hidden under The Bank of Spain, he joins a crew of master thieves who plan to steal the legendary lost treasure locked inside while the whole country is distracted by Spain's World Cup Final. With thousands of soccer fans cheering in the streets, and security forces closing in, the crew have just minutes to pull off the score of a lifetime.",0,118,No job is impossible.
15,672582,en,The Deep House,848.536,2021-06-30,5.5,112,['Horror'],"While diving in a remote French lake, a couple of YouTubers who specialize in underwater exploration videos discover a house submerged in the deep waters. What was initially a unique finding soon turns into a nightmare when they discover that the house was the scene of atrocious crimes. Trapped, with their oxygen reserves falling dangerously, they realize the worst is yet to come: they are not alone in the house.",0,85,Breathe while you still can.
16,760747,no,I onde dager,863.019,2021-07-30,6.8,118,"['Action', 'Comedy', 'Thriller', 'Horror']","A dysfunctional couple head to a remote lakeside cabin under the guise of reconnecting, but each has secret designs to kill the other. Before they can carry out their respective plans, unexpected visitors arrive and the couple is faced with a greater danger than anything they could have plotted.",0,113,Til Death Do Us Part
17,675319,en,Zone 414,797.785,2021-09-03,5.8,86,"['Science Fiction', 'Thriller', 'Mystery']","In the near future on a colony of state-of-the-art robots, a private investigator is hired by the colony's creator to bring his missing daughter home.",0,98,What hides in the city of robots?
18,635302,ja,劇場版「鬼滅の刃」無限列車編,897.913,2020-10-16,8.4,1833,"['Animation', 'Action', 'Adventure', 'Fantasy']","Tanjirō Kamado, joined with Inosuke Hashibira, a boy raised by boars who wears a boar's head, and Zenitsu Agatsuma, a scared boy who reveals his true power when he sleeps, boards the Infinity Train on a new mission with the Fire Hashira, Kyōjurō Rengoku, to defeat a demon who has been tormenting the people and killing the demon slayers who oppose it!",503063688,117,"With your blade, bring an end to the nightmare."
19,645788,en,The Protégé,832.048,2021-08-19,6.8,330,"['Action', 'Crime', 'Thriller']","Rescued as a child by the legendary assassin Moody and trained in the family business, Anna is the world’s most skilled contract killer. When Moody, the man who was like a father to her and taught her everything she needs to know about trust and survival, is brutally killed, Anna vows revenge. As she becomes entangled with an enigmatic killer whose attraction to her goes way beyond cat and mouse, their confrontation turns deadly and the loose ends of a life spent killing will weave themselves ever tighter.",8115215,109,"Wherever you run, the past follows..."
20,879163,pt,Peçanha Contra o Animal,943.619,2021-10-22,5.4,13,"['Comedy', 'Crime']",,0,67,
21,589754,ru,Последний богатырь: Корень зла,835.043,2021-01-01,7.0,63,"['Fantasy', 'Adventure', 'Comedy']","Peace and tranquility have set in Belogorie. The evil was defeated and Ivan is now enjoying his well-deserved fame. He is surrounded by his family, friends and small wonders from the modern world that help him lead a comfortable life. Luckily, he has his Magic Sword to cut a gap between the worlds to get some supplies quite regularly. But when an ancient evil rises and the existence of the magic world is put to danger, Ivan has to team up with his old friends and his new rivals. They will set out on a long journey beyond the known world to find a way to defeat the enemies and to return peace to Belogorie.",27658331,120,
22,846167,pl,W jak morderstwo,957.866,2021-06-18,5.8,25,"['Crime', 'Mystery', 'Drama', 'Comedy']",A stay-at-home mom and avid reader of crime stories discovers the deepest secrets of a small town's residents while investigating a woman's murder.,0,104,
23,436969,en,The Suicide Squad,807.497,2021-07-28,7.8,4695,"['Action', 'Adventure', 'Fantasy']","Supervillains Harley Quinn, Bloodsport, Peacemaker and a collection of nutty cons at Belle Reve prison join the super-secret, super-shady Task Force X as they are dropped off at the remote, enemy-infused island of Corto Maltese.",167381210,132,They're dying to save the world.
24,703771,en,Deathstroke: Knights & Dragons - The Movie,787.704,2020-08-04,7.0,294,"['Animation', 'Action', 'Adventure', 'Science Fiction']",The assassin Deathstroke tries to save his family from the wrath of H.I.V.E. and the murderous Jackal.,0,87,Never give a paid killer a reason to work for free
25,459151,en,The Boss Baby: Family Business,761.177,2021-07-01,7.7,1582,"['Animation', 'Comedy', 'Adventure', 'Family']",The Templeton brothers — Tim and his Boss Baby little bro Ted — have become adults and drifted away from each other. But a new boss baby with a cutting-edge approach and a can-do attitude is about to bring them together again … and inspire a new family business.,112000000,107,Playtime is over.
26,820511,en,Ripper Untold,678.956,2021-06-28,6.5,47,['Horror'],A detective and a medical examiner join forces to solve a series of horrific murders in Victorian London - but one of them harbours a deadly secret.,0,85,"1888, a bloodbath in Whitechapel. No one is safe."
27,772436,es,Matando Cabos 2: La Máscara del Máscara,693.568,2021-10-01,7.9,57,"['Action', 'Comedy', 'Adventure']","Faced with the unexpected death of his estranged father -El Máscara- and the subsequent theft of his precious mask, Rubén -Mascarita- will find himself confronted with his past. Alongside his invincible bodyguard Tony ""The Cannibal"" and, an unexpected ally, he will have only one day to recover it and make amends with the memory of his father.",0,0,
28,385128,en,F9,701.647,2021-05-19,7.4,4302,"['Action', 'Crime', 'Thriller']",Dominic Toretto and his crew battle the most skilled assassin and high-performance driver they've ever encountered: his forsaken brother.,721077945,143,Justice is coming.
29,451048,en,Jungle Cruise,683.909,2021-07-28,7.8,3111,"['Adventure', 'Fantasy', 'Comedy', 'Action']","Dr. Lily Houghton enlists the aid of wisecracking skipper Frank Wolff to take her down the Amazon in his dilapidated boat. Together, they search for an ancient tree that holds the power to heal – a discovery that will change the future of medicine.",213644366,127,
30,508943,en,Luca,639.636,2021-06-17,8.0,5020,"['Animation', 'Comedy', 'Family', 'Fantasy']",Luca and his best friend Alberto experience an unforgettable summer on the Italian Riviera. But all the fun is threatened by a deeply-held secret: they are sea monsters from another world just below the water’s surface.,49010641,95,
31,613098,es,Operación Camarón,585.313,2021-06-24,5.5,17,['Comedy'],"Geeky-looking Sebas is a surprisingly good classical musician. He’s also a complete unknown in the criminal underworld, and as a new newbie on the police force, that makes him the perfect man for a dangerous mission: to go undercover as a keyboard player for “Los Lolos”, a cheesy flamenco-trap band, who have been hired to play at the wedding of a local mafia boss’ daughter that a major drug trafficker will be attending.  Sebas is keen to take on the mission, blissfully unaware that he will turn out to be even cheesier than Lolo, the band’s lead singer, and fall in love with his sister, Luci. Now Sebas will face a tough choice: remain loyal to his new friends or complete his police mission.",0,90,
32,497698,en,Black Widow,624.488,2021-07-07,7.7,5823,"['Action', 'Adventure', 'Science Fiction']","Natasha Romanoff, also known as Black Widow, confronts the darker parts of her ledger when a dangerous conspiracy with ties to her past arises. Pursued by a force that will stop at nothing to bring her down, Natasha must deal with her history as a spy and the broken relationships left in her wake long before she became an Avenger.",378328978,134,Her world. Her secrets. Her legacy.
33,760195,en,Separation,557.939,2021-04-30,6.0,77,['Horror'],A young girl finds solace in her artist father and the ghost of her dead mother.,0,107,It won't let go.
34,675445,en,PAW Patrol: The Movie,596.854,2021-08-09,7.7,660,"['Animation', 'Family', 'Adventure', 'Comedy']",Ryder and the pups are called to Adventure City to stop Mayor Humdinger from turning the bustling metropolis into a state of chaos.,121000000,86,Our fate is in their paws.
35,744275,en,After We Fell,625.512,2021-09-01,7.4,766,"['Romance', 'Drama']","Just as Tessa's life begins to become unglued, nothing is what she thought it would be. Not her friends nor her family. The only person that she should be able to rely on is Hardin, who is furious when he discovers the massive secret that she's been keeping. Before Tessa makes the biggest decision of her life, everything changes because of revelations about her family.",19000000,99,
36,839436,en,Dragon Fury,580.002,2021-06-15,6.0,21,"['Horror', 'Fantasy', 'Mystery']",A group of soldiers are taken to the mountains of Wales to investigate a strange beast.,0,88,They thought they could control it. They were wrong!
37,874948,tr,Kin,579.316,2021-10-08,6.6,32,"['Crime', 'Drama', 'Thriller']","Ahead of a promotion, a police chief becomes entangled in a deadly incident and uncovers an intrigue fueled by grudge that threatens his colleagues.",0,104,
38,864873,en,Hypnotic,514.169,2021-10-27,6.2,214,"['Thriller', 'Drama', 'Horror']","A young woman seeking self-improvement enlists the help of a renowned hypnotist but, after a handful of intense sessions, discovers unexpected and deadly consequences.",0,88,His wish is her command.
39,354912,en,Coco,573.567,2017-10-27,8.2,14756,"['Family', 'Animation', 'Fantasy', 'Music', 'Comedy', 'Adventure']","Despite his family’s baffling generations-old ban on music, Miguel dreams of becoming an accomplished musician like his idol, Ernesto de la Cruz. Desperate to prove his talent, Miguel finds himself in the stunning and colorful Land of the Dead following a mysterious chain of events. Along the way, he meets charming trickster Hector, and together, they set off on an extraordinary journey to unlock the real story behind Miguel's family history.",800526015,105,The celebration of a lifetime
40,812204,en,Rock Dog 2: Rock Around the Park,611.612,2021-06-24,7.6,25,"['Animation', 'Comedy', 'Music', 'Family']","When Bodi and his band 'True Blue' leave Snow Mountain, to tour with pop sensation, Lil' Foxy, they learn that fame comes at a price.",0,90,
41,379686,en,Space Jam: A New Legacy,525.266,2021-07-08,7.3,2550,"['Animation', 'Comedy', 'Family', 'Science Fiction']","When LeBron and his young son Dom are trapped in a digital space by a rogue A.I., LeBron must get them home safe by leading Bugs, Lola Bunny and the whole gang of notoriously undisciplined Looney Tunes to victory over the A.I.'s digitized champions on the court. It's Tunes versus Goons in the highest-stakes challenge of his life.",148810604,115,Welcome to the Jam!
42,637649,en,Wrath of Man,541.957,2021-04-22,7.8,2598,"['Action', 'Crime', 'Thriller']","A cold and mysterious new security guard for a Los Angeles cash truck company surprises his co-workers when he unleashes precision skills during a heist. The crew is left wondering who he is and where he came from. Soon, the marksman's ultimate motive becomes clear as he takes dramatic and irrevocable steps to settle a score.",103966489,119,A one man army.
43,524369,en,The Many Saints of Newark,593.17,2021-09-22,6.8,201,"['Crime', 'Drama']","Young Anthony Soprano is growing up in one of the most tumultuous eras in Newark, N.J., history, becoming a man just as rival gangsters start to rise up and challenge the all-powerful DiMeo crime family. Caught up in the changing times is the uncle he idolizes, Dickie Moltisanti, whose influence over his nephew will help shape the impressionable teenager into the all-powerful mob boss, Tony Soprano.",11620603,120,Who made Tony Soprano?
44,777620,en,Caged,475.873,2021-01-26,6.6,39,"['Thriller', 'Horror']","An African American male is imprisoned and placed in solitary confinement after being found guilty of murdering his wife, as he's haunted by internal demons and his dead wife, and pushed to the breaking point by an abusive female guard.",0,81,There is no getting out.
45,831405,en,Injustice,563.221,2021-10-09,8.0,339,"['Animation', 'Science Fiction', 'Fantasy', 'Action']","When Lois Lane is killed, an unhinged Superman decides to take control of the Earth. Determined to stop him, Batman creates a team of freedom-fighting heroes. But when superheroes go to war, can the world survive?",0,78,
46,681887,en,Cosmic Sin,503.598,2021-03-12,4.4,363,['Science Fiction'],"In the year 2524, four centuries after humans started colonizing the outer planets, retired General James Ford gets called back into service when a hostile alien fleet attacks soldiers on a remote planet. The threat against mankind soon escalates into an interstellar war as Ford and a team of elite soldiers try to stop the imminent attack before it's too late.",0,88,First contact has been made. It's war.
47,337404,en,Cruella,510.735,2021-05-26,8.3,5879,"['Comedy', 'Crime']","In 1970s London amidst the punk rock revolution, a young grifter named Estella is determined to make a name for herself with her designs. She befriends a pair of young thieves who appreciate her appetite for mischief, and together they are able to build a life for themselves on the London streets. One day, Estella’s flair for fashion catches the eye of the Baroness von Hellman, a fashion legend who is devastatingly chic and terrifyingly haute. But their relationship sets in motion a course of events and revelations that will cause Estella to embrace her wicked side and become the raucous, fashionable and revenge-bent Cruella.",233274812,134,Hello Cruel World
48,637534,fr,BAC Nord,486.411,2021-08-18,7.7,483,"['Crime', 'Thriller']","A police brigade working in the dangerous northern neighborhoods of Marseille, where the level of crime is higher than anywhere else in France.",0,105,
49,460465,en,Mortal Kombat,495.192,2021-04-07,7.3,4000,"['Action', 'Fantasy', 'Adventure']","Washed-up MMA fighter Cole Young, unaware of his heritage, and hunted by Emperor Shang Tsung's best warrior, Sub-Zero, seeks out and trains with Earth's greatest champions as he prepares to stand against the enemies of Outworld in a high stakes battle for the universe.",83601013,110,Get over here.
50,774021,en,Demonic,422.784,2021-07-29,4.9,74,"['Horror', 'Thriller']",A young woman unleashes terrifying demons when supernatural forces at the root of a decades-old rift between mother and daughter are ruthlessly revealed.,0,104,"It's not a dream, it's not reality."
51,859041,zh,疯狂的拳头,504.28,2017-05-25,7.6,37,['Action'],"After an opponent dies mid-match, a prominent MMA champion swore never to fight again and retired to run his family's company. But when his best friend dies under suspicious circumstances, he has no choice but to step back in the ring.",0,97,
52,662708,ja,劇場版ポケットモンスター ココ,510.2,2020-12-25,7.3,59,"['Animation', 'Adventure']","In the Forest of Okoya, Koko is a feral child who has been raised as a Pokémon by the Mythical Pokémon Zarude. Koko has grown up never doubting that he is a Pokémon even though he can't really use any sort of moves. Ash Ketchum and Pikachu meet Koko and help him protect the Great Tree from the crooked scientist Dr. Zed.",0,98,
53,588228,en,The Tomorrow War,439.548,2021-07-02,8.1,4522,"['Action', 'Science Fiction', 'Adventure']","The world is stunned when a group of time travelers arrive from the year 2051 to deliver an urgent message: Thirty years in the future, mankind is losing a global war against a deadly alien species. The only hope for survival is for soldiers and civilians from the present to be transported to the future and join the fight. Among those recruited is high school teacher and family man Dan Forester. Determined to save the world for his young daughter, Dan teams up with a brilliant scientist and his estranged father in a desperate quest to rewrite the fate of the planet.",0,138,The fight for tomorrow begins today.
54,581726,en,Infinite,430.839,2021-09-09,6.9,553,"['Science Fiction', 'Action', 'Thriller']","Evan McCauley has skills he never learned and memories of places he has never visited. Self-medicated and on the brink of a mental breakdown, a secret group that call themselves “Infinites” come to his rescue, revealing that his memories are real.",0,106,Many lives. Unlimited potential.
55,631843,en,Old,427.735,2021-07-21,6.7,1593,"['Thriller', 'Mystery', 'Horror']",A group of families on a tropical holiday discover that the secluded beach where they are staying is somehow causing them to age rapidly – reducing their entire lives into a single day.,89500000,108,It's only a matter of time.
56,882206,en,LOL Surprise: The Movie,414.698,2021-10-08,7.5,31,"['Animation', 'Family']",Dazzling doll sisters Queen Bee and Royal Bee make their first movie with help from their fashionable friends in this one-of-a-kind magical adventure.,0,0,
57,588921,en,Ainbo: Spirit of the Amazon,400.934,2021-02-09,7.2,220,"['Adventure', 'Animation', 'Family', 'Fantasy']","An epic journey of a young hero and her Spirit Guides, 'Dillo' a cute and humorous armadillo and ""Vaca"" a goofy oversized tapir, who embark on a quest to save their home in the spectacular Amazon Rainforest.",0,84,
58,726684,fr,"Miraculous World: Shanghai, la légende de Ladydragon",434.458,2021-05-15,8.0,362,"['Animation', 'Comedy', 'Family', 'Adventure']","On school break, Marinette heads to Shanghai to meet Adrien. But after arriving, Marinette loses all her stuff, including the Miraculous that allows her to turn into Ladybug!",0,52,
59,375211,en,Marvel Knights: Eternals,429.973,2014-09-16,5.6,5,['Animation'],"You are thousands of years old. You have amazing powers. You have watched civilizations rise and fall. So why does no one remember any of this? Best-selling author, Neil Gaiman (Marvel: 1602) is joined by superstar artist, John Romita. Jr. (Amazing Spider-Man), to bring you the extraordinary tale of The Eternals. Medical student Mark Curry's world is turned upside-down when he meets Ike Harris, a man who believes that he is part of a centuries-old race of super-powered beings put here on Earth by aliens to preserve and safeguard the planet — and even crazier, tried to convince Mark that he is one too.",0,118,
60,791373,en,Zack Snyder's Justice League,410.965,2021-03-18,8.4,6803,"['Action', 'Adventure', 'Fantasy', 'Science Fiction']","Determined to ensure Superman's ultimate sacrifice was not in vain, Bruce Wayne aligns forces with Diana Prince with plans to recruit a team of metahumans to protect the world from an approaching threat of catastrophic proportions.",657000000,242,
61,634649,en,Spider-Man: No Way Home,480.702,2021-12-15,0.0,0,"['Action', 'Adventure', 'Science Fiction']","Peter Parker is unmasked and no longer able to separate his normal life from the high-stakes of being a Super Hero. When he asks for help from Doctor Strange the stakes become even more dangerous, forcing him to discover what it truly means to be Spider-Man.",0,0,
62,370172,en,No Time to Die,604.254,2021-09-29,7.4,1209,"['Adventure', 'Action', 'Thriller']","Bond has left active service and is enjoying a tranquil life in Jamaica. His peace is short-lived when his old friend Felix Leiter from the CIA turns up asking for help. The mission to rescue a kidnapped scientist turns out to be far more treacherous than expected, leading Bond onto the trail of a mysterious villain armed with dangerous new technology.",667000000,163,The mission that changes everything begins…
63,706972,en,Narco Sub,374.848,2021-01-22,7.1,59,"['Action', 'Drama', 'Crime']","A man will become a criminal to save his family.  Director: Shawn Welling  Writer: Derek H. Potts  Stars: Tom Vera, Tom Sizemore, Lee Majors |",0,93,A man will become a criminal to save his family.
64,669671,en,Night Teeth,367.303,2021-10-20,6.8,299,"['Horror', 'Thriller', 'Action']","A college student moonlighting as a chauffeur picks up two mysterious women for a night of party-hopping across LA. But when he uncovers their bloodthirsty intentions - and their dangerous, shadowy underworld - he must fight to stay alive.",0,107,Paint the town red.
65,503736,en,Army of the Dead,364.974,2021-05-14,6.4,2514,"['Action', 'Adventure', 'Crime', 'Horror']","Following a zombie outbreak in Las Vegas, a group of mercenaries take the ultimate gamble: venturing into the quarantine zone to pull off the greatest heist ever attempted.",780000,148,Survivors take all.
66,19995,en,Avatar,374.059,2009-12-10,7.5,24280,"['Action', 'Adventure', 'Fantasy', 'Science Fiction']","In the 22nd century, a paraplegic Marine is dispatched to the moon Pandora on a unique mission, but becomes torn between following orders and protecting an alien civilization.",2847246203,162,Enter the World of Pandora.
67,619297,en,Sweet Girl,360.21,2021-08-18,6.9,697,['Action'],"A devastated husband vows to bring justice to the people responsible for his wife's death while protecting the only family he has left, his daughter.",0,110,Family fights as one.
68,399566,en,Godzilla vs. Kong,393.812,2021-03-24,7.9,7185,"['Action', 'Adventure', 'Fantasy']","In a time when monsters walk the Earth, humanity’s fight for its future sets Godzilla and Kong on a collision course that will see the two most powerful forces of nature on the planet collide in a spectacular battle for the ages.",467863133,113,One Will Fall
69,767304,en,Redemption Day,360.237,2021-01-08,6.7,150,['Action'],"Having just returned home, decorated U.S. Marine Captain Brad Paxton's wife, Kate, is kidnapped by a terrorist group while working in Morocco. He is forced back into action for a daring and deadly operation to save the woman he loves.",0,100,Taking his wife was their last mistake.
70,525660,cn,真·三国无双,372.423,2021-04-29,6.7,71,"['Action', 'Adventure', 'Fantasy']","Warlords, warriors and statesmen wage a battle for supremacy in this fantasy tale based on the hit video games and the ""Romance of the Three Kingdoms.""",0,117,
71,840756,es,Mi otra yo,501.068,2021-06-15,6.3,3,['Comedy'],A controversial TV host and comedian who has built his career on sexist humor is forced to assume a woman's identity to elude a relentless drug dealer.,0,89,
72,482373,en,Don't Breathe 2,366.157,2021-08-12,7.7,1114,"['Thriller', 'Horror']","The Blind Man has been hiding out for several years in an isolated cabin and has taken in and raised a young girl orphaned from a devastating house fire. Their quiet life together is shattered when a group of criminals kidnap the girl, forcing the Blind Man to leave his safe haven to save her.",45000000,98,Bad things happen to bad people.
73,423108,en,The Conjuring: The Devil Made Me Do It,311.759,2021-05-25,7.8,3856,"['Horror', 'Mystery', 'Thriller']","Paranormal investigators Ed and Lorraine Warren encounter what would become one of the most sensational cases from their files. The fight for the soul of a young boy takes them beyond anything they'd ever seen before, to mark the first time in U.S. history that a murder suspect would claim demonic possession as a defense.",199166992,111,The demonic case that shocked America.
74,522402,en,Finch,549.884,2021-11-04,8.0,522,"['Science Fiction', 'Drama', 'Adventure']","On a post-apocalyptic Earth, a robot, built to protect the life of his dying creator's beloved dog, learns about life, love, friendship, and what it means to be human.",0,115,
75,453354,fr,Ava,367.131,2017-06-21,6.0,121,['Drama'],"Ava, 13, is spending the summer on the Atlantic coast when she learns that she will lose her sight sooner than expected. Her mother decides to act as if everything were normal so as to spend their best summer ever. Ava confronts the problem in her own way. She steals a big black dog that belongs to a young man on the run...",0,106,
76,725273,en,Solitary,347.349,2020-08-31,5.8,59,['Science Fiction'],"A man wakes up inside a room to discover he's a prisoner sent into space to form Earth's first colony, and worse - his cell mate Alana is hell bent on destroying everything.",0,89,The greatest punishment imaginable.
77,685274,ja,機動戦士ガンダム 閃光のハサウェイ,371.425,2021-06-11,8.1,57,"['Animation', 'Action', 'Drama', 'Science Fiction']","After Char's rebellion, Hathaway Noa leads an insurgency against Earth Federation, but meeting an enemy officer and a mysterious woman alters his fate.",0,96,Char's ideals and Amuro's passion... the heir of their wills...
78,859860,en,Catch the Bullet,363.643,2021-09-10,5.6,67,"['Western', 'Action']","U.S. marshal Britt MacMasters returns from a mission to find his father wounded and his son kidnapped by the outlaw Jed Blake. Hot on their trail, Britt forms a posse with a gunslinging deputy and a stoic Pawnee tracker. But Jed and Britt tread dangerously close to the Red Desert’s Sioux territory.",0,89,The sun never sets on vengeance.
79,825997,en,Rogue Hostage,340.663,2021-06-11,6.4,101,"['Action', 'Thriller']",A former Marine races against time to save a group of hostages -- including his young daughter and a congressman — when armed militants take over his stepfather's store.,0,94,Free the hostages. Or everyone dies.
80,755812,fr,"Miraculous World : New York, les héros unis",326.392,2020-11-21,8.3,812,"['Animation', 'Family', 'Comedy', 'Adventure', 'TV Movie']","During a school field trip, Ladybug and Cat Noir meet the American superheroes, whom they have to save from an akumatised super-villain. They discover that Miraculous exist in the United States too.",0,55,
81,719164,en,Women,219.924,2021-04-08,6.1,14,['Thriller'],A small town detective while investigating the disappearance of a local woman comes across an unassuming Sociology professor who is hiding a secret life.,0,90,Don't Scream. Don't Run. Survive.
82,602223,en,The Forever Purge,321.093,2021-06-30,7.4,1396,"['Horror', 'Action', 'Thriller']",All the rules are broken as a sect of lawless marauders decides that the annual Purge does not stop at daybreak and instead should never end as they chase a group of immigrants who they want to punish because of their harsh historical past.,76981630,103,The rules are broken.
83,595743,en,SAS: Red Notice,328.657,2021-08-11,6.0,259,"['Drama', 'Action', 'Thriller']","An off-duty SAS soldier, Tom Buckingham, must thwart a terror attack on a train running through the Channel Tunnel. As the action escalates on the train, events transpire in the corridors of power that may make the difference as to whether Buckingham and the civilian passengers make it out of the tunnel alive.",0,120,
84,741636,en,Bloodthirsty,334.459,2021-04-23,6.6,16,['Horror'],"When indie singer Grey struggles to write her sophomore album, she teams up with a mysterious producer at his secluded cabin. Though their bond strengthens her music, it also starts to irreparably alter Grey’s body and mind.",0,82,Ambition can be killer.
85,1930,en,The Amazing Spider-Man,369.323,2012-06-23,6.6,13495,"['Action', 'Adventure', 'Fantasy']","Peter Parker is an outcast high schooler abandoned by his parents as a boy, leaving him to be raised by his Uncle Ben and Aunt May. Like most teenagers, Peter is trying to figure out who he is and how he got to be the person he is today. As Peter discovers a mysterious briefcase that belonged to his father, he begins a quest to understand his parents' disappearance – leading him directly to Oscorp and the lab of Dr. Curt Connors, his father's former partner. As Spider-Man is set on a collision course with Connors' alter ego, The Lizard, Peter will make life-altering choices to use his powers and shape his destiny to become a hero.",757930663,136,The untold story begins.
86,641501,fr,Comment je suis devenu super-héros,320.168,2020-11-19,6.1,292,"['Science Fiction', 'Adventure', 'Mystery', 'Action', 'Thriller', 'Fantasy', 'Comedy']","Paris 2020. While superheroes have assimilated into the Parisian society, they discover a new drug that gives themselves personal superpowers to mere mortals. Lieutenants Moreau and Schaltzmann are investigating the case with the support of two ex-superheroes, Monte Carlo and Callista. They'll do whatever it takes to dismantle the traffic. But Moreau's past resurfaces, and the investigation becomes more complicated.",0,101,
87,848278,en,Jurassic Hunt,305.718,2021-08-26,5.0,153,"['Action', 'Science Fiction', 'Thriller']","Female adventurer Parker joins a crew of male trophy hunters in a remote wilderness park. Their goal: slaughter genetically recreated dinosaurs for sport using rifles, arrows, and grenades. After their guide is killed by raptors, the team tries to escape the park – but the hunters quickly become the hunted. Even worse, the park’s manager suspects Parker of being a spy and sends a hit squad after her. This battle’s about to become primitive!",0,83,This time it's mankind that's going extinct.
88,13811,en,Knowing,314.469,2009-03-19,6.1,4067,"['Action', 'Mystery', 'Science Fiction', 'Thriller']",A teacher opens a time capsule that has been dug up at his son's elementary school; in it are some chilling predictions -- some that have already occurred and others that are about to -- that lead him to believe his family plays a role in the events that are about to unfold.,155446362,121,What happens when the numbers run out?
89,813258,en,Monster Pets: A Hotel Transylvania Short,307.614,2021-04-02,7.5,254,"['Animation', 'Comedy', 'Fantasy']",Drac tries out some new monster pets to help occupy Tinkles for playtime.,0,6,
90,512195,en,Red Notice,282.641,2021-11-05,7.4,19,"['Action', 'Comedy', 'Crime', 'Thriller']","An Interpol-issued Red Notice is a global alert to hunt and capture the world's most wanted. But when a daring heist brings together the FBI's top profiler and two rival criminals, there's no telling what will happen.",0,116,Pro and cons.
91,672322,ja,るろうに剣心 最終章 The Beginning,310.225,2021-06-04,7.9,202,"['Action', 'Adventure', 'Drama']","Before he was a protector, Kenshin was a fearsome assassin known as Battosai. But when he meets gentle Tomoe Yukishiro, a beautiful young woman who carries a huge burden in her heart, his life will change forever.",0,138,
92,592350,ja,僕のヒーローアカデミア THE MOVIE ヒーローズ：ライジング,326.465,2019-12-20,8.5,816,"['Animation', 'Action', 'Fantasy', 'Adventure']","Class 1-A visits Nabu Island where they finally get to do some real hero work. The place is so peaceful that it's more like a vacation … until they're attacked by a villain with an unfathomable Quirk! His power is eerily familiar, and it looks like Shigaraki had a hand in the plan. But with All Might retired and citizens' lives on the line, there's no time for questions. Deku and his friends are the next generation of heroes, and they're the island's only hope.",29900850,104,
93,878962,en,Sharkdog’s Fintastic Halloween,261.208,2021-10-15,3.7,3,"['Animation', 'Fantasy', 'Family']","The Sharkpack gets ready for Halloween with the spooky legend of the ""Fearsome Fog"" — and Sharkdog must save trick-or-treating from a slimy sea monster!",0,24,
94,763873,en,Under Wraps,273.852,2021-10-01,7.1,41,"['Comedy', 'Family', 'Fantasy']","Three friends try to save their mummified friend, Harold, from greedy criminals by returning him to his resting place before midnight on Halloween.",0,91,
95,843906,en,Straight Outta Nowhere: Scooby-Doo! Meets Courage the Cowardly Dog,310.694,2021-09-14,8.3,221,"['Animation', 'Comedy', 'Mystery', 'Family', 'Fantasy']","With Mystery, Inc. on the tail of a strange object in Nowhere, Kansas, the strange hometown of Eustice, Muriel, and Courage, the gang soon find themselves contending with a giant cicada monster and her winged warriors.",0,72,Ooga! Booga! Booga!
96,527774,en,Raya and the Last Dragon,308.607,2021-03-03,8.1,4514,"['Family', 'Fantasy', 'Animation', 'Action', 'Adventure']","Long ago, in the fantasy world of Kumandra, humans and dragons lived together in harmony. But when an evil force threatened the land, the dragons sacrificed themselves to save humanity. Now, 500 years later, that same evil has returned and it’s up to a lone warrior, Raya, to track down the legendary last dragon to restore the fractured land and its divided people.",130000000,107,A quest to save her world.
97,299536,en,Avengers: Infinity War,307.188,2018-04-25,8.3,23027,"['Adventure', 'Action', 'Science Fiction']","As the Avengers and their allies have continued to protect the world from threats too large for any one hero to handle, a new danger has emerged from the cosmic shadows: Thanos. A despot of intergalactic infamy, his goal is to collect all six Infinity Stones, artifacts of unimaginable power, and use them to inflict his twisted will on all of reality. Everything the Avengers have fought for has led up to this moment - the fate of Earth and existence itself has never been more uncertain.",2046239637,149,An entire universe. Once and for all.
98,613504,en,After We Collided,299.644,2020-09-02,7.3,4262,"['Romance', 'Drama']",Tessa finds herself struggling with her complicated relationship with Hardin; she faces a dilemma that could change their lives forever.,42000000,105,Can love overcome the past?
99,539885,en,Ava,302.664,2020-07-02,5.7,1785,"['Action', 'Crime', 'Drama', 'Thriller']",A black ops assassin is forced to fight for her own survival after a job goes dangerously wrong.,2987741,96,Kill. Or be killed.
100,597316,en,My Little Pony: A New Generation,316.848,2021-09-23,8.1,131,"['Animation', 'Family', 'Fantasy', 'Comedy', 'Music', 'Adventure']","Equestria's divided. But a bright-eyed hero believes Earth Ponies, Pegasi and Unicorns should be pals — and, hoof to heart, she’s determined to prove it.",0,91,Ride or Fly
101,522444,en,Black Water: Abyss,274.301,2020-07-09,5.1,284,"['Horror', 'Thriller', 'Adventure', 'Mystery']","An adventure-loving couple convince their friends to explore a remote, uncharted cave system in the forests of Northern Australia. With a tropical storm approaching, they abseil into the mouth of the cave, but when the caves start to flood, tensions rise as oxygen levels fall and the friends find themselves trapped. Unknown to them, the storm has also brought in a pack of dangerous and hungry crocodiles.",0,98,Descend into fear
102,680319,en,We Broke Up,272.144,2021-04-23,5.7,12,['Comedy'],Lori and Doug break up right before Lori's sister's wedding and decide to pretend they're still together for the weekend as to not disrupt the fun.,0,82,
103,458576,en,Monster Hunter,273.173,2020-12-03,6.9,2236,"['Action', 'Fantasy', 'Adventure']","A portal transports Cpt. Artemis and an elite unit of soldiers to a strange world where powerful monsters rule with deadly ferocity. Faced with relentless danger, the team encounters a mysterious hunter who may be their only hope to find a way home.",25814306,104,"Behind our world, there is another."
104,613583,fr,Chacun chez soi,257.834,2021-06-02,5.4,27,['Comedy'],"Catherine and Yann, happily married for many years, should have spent the year travelling abroad. But since he sold his business, Yann has been too busy with his bonsai trees and keeps postponing the big trip. Things go from bad to worse when their 27-year-old broke daughter and her boyfriend lose their apartment and come knocking on the door to stay. With Yann’s mid-life crisis spinning out of control, their couch surfing daughter and partner getting increasingly invasive and their stay becoming indefinite, Catherine will try everything to kick them out of the parental home and get her life back on track!",0,83,
105,36419,en,After.Life,387.777,2009-11-07,6.1,803,"['Drama', 'Horror', 'Mystery', 'Thriller']","Following a terrible car crash, a woman awakes to find an enigmatic mortician preparing her for burial.",3606395,104,Life is the symptom. Death is the cure.
106,632357,en,The Unholy,263.412,2021-03-31,6.9,1410,['Horror'],"Alice, a young hearing-impaired girl who, after a supposed visitation from the Virgin Mary, is inexplicably able to hear, speak and heal the sick. As word spreads and people from near and far flock to witness her miracles, a disgraced journalist hoping to revive his career visits the small New England town to investigate. When terrifying events begin to happen all around, he starts to question if these phenomena are the works of the Virgin Mary or something much more sinister.",30763855,99,Be careful who you pray to.
107,861057,en,Swim,273.818,2021-08-13,7.4,16,"['Horror', 'Action']","A family gets trapped in their storm flooded vacation rental, tries to escape from a hungry shark that made it's way into the house.",0,87,
108,597891,en,Kate,270.225,2021-09-10,6.8,740,"['Action', 'Thriller']","After she's irreversibly poisoned, a ruthless criminal operative has less than 24 hours to exact revenge on her enemies and in the process forms an unexpected bond with the daughter of one of her past victims.",0,106,There's no time for mercy.
109,846214,en,"The Simpsons: The Good, the Bart, and the Loki",276.105,2021-07-07,7.6,431,"['Animation', 'Comedy', 'Family']",Loki is banished from Asgard once again and must face his toughest opponents yet: the Simpsons and Springfield’s mightiest heroes. The God of Mischief teams up with Bart Simpson in the ultimate crossover event paying tribute to the Marvel Cinematic Universe of superheroes and villains.,0,6,
110,482321,en,Ron's Gone Wrong,287.164,2021-10-15,7.3,41,"['Animation', 'Science Fiction', 'Family', 'Comedy']","In a world where walking, talking, digitally connected bots have become children's best friends, an 11-year-old finds that his robot buddy doesn't quite work the same as the others do.",46000000,106,Best Friend Forever* (*battery life may vary)
111,529203,en,The Croods: A New Age,277.639,2020-11-25,7.6,2621,"['Animation', 'Family', 'Adventure', 'Fantasy', 'Comedy']","Searching for a safer habitat, the prehistoric Crood family discovers an idyllic, walled-in paradise that meets all of its needs. Unfortunately, they must also learn to live with the Bettermans -- a family that's a couple of steps above the Croods on the evolutionary ladder. As tensions between the new neighbors start to rise, a new threat soon propels both clans on an epic adventure that forces them to embrace their differences, draw strength from one another, and survive together.",168285000,95,The future ain't what it used to be.
112,678580,es,El mesero,249.461,2021-07-15,8.3,286,['Comedy'],A waiter pretends to be an important businessman in order to reach the upper class through his entrepreneurial dreams.,0,86,
113,734265,en,Love Hard,279.451,2021-11-05,6.6,170,"['Comedy', 'Romance']","An LA girl, unlucky in love, falls for an East Coast guy on a dating app and decides to surprise him for Christmas, only to discover that she’s been catfished. But the object of her affection actually lives in the same town, and the guy who duped her offers to set them up if she pretends to be his own girlfriend for the holidays.",0,105,A romantic comedy about the lies we tell for love.
114,568124,en,Encanto,265.395,2021-11-24,0.0,0,"['Family', 'Music', 'Adventure', 'Animation', 'Fantasy']","The tale of an extraordinary family, the Madrigals, who live hidden in the mountains of Colombia, in a magical house, in a vibrant town, in a wondrous, charmed place called an Encanto. The magic of the Encanto has blessed every child in the family with a unique gift from super strength to the power to heal—every child except one, Mirabel. But when she discovers that the magic surrounding the Encanto is in danger, Mirabel decides that she, the only ordinary Madrigal, might just be her exceptional family's last hope.",0,99,There's a little magic in all of us ...almost all of us.
115,324786,en,Hacksaw Ridge,233.039,2016-10-07,8.2,10136,"['Drama', 'History', 'War']","WWII American Army Medic Desmond T. Doss, who served during the Battle of Okinawa, refuses to kill people and becomes the first Conscientious Objector in American history to receive the Congressional Medal of Honor.",175302354,139,One of the greatest heroes in American history never fired a bullet.
116,839100,ja,ブライト: サムライソウル,240.726,2021-10-12,6.2,22,"['Animation', 'Action', 'Fantasy']","Izo, a Ronin, and Raiden, an orc, work to bring a young elf girl and the wand she carries to the land of the elves in the north.",0,80,
117,20982,ja,劇場版 NARUTO -ナルト- 疾風伝,262.861,2007-08-04,7.3,382,"['Animation', 'Action', 'Fantasy']","Demons that once almost destroyed the world, are revived by someone. To prevent the world from being destroyed, the demon has to be sealed and the only one who can do it is the shrine maiden Shion from the country of demons, who has two powers; one is sealing demons and the other is predicting the deaths of humans. This time Naruto's mission is to guard Shion, but she predicts Naruto's death. The only way to escape it, is to get away from Shion, which would leave her unguarded, then the demon, whose only goal is to kill Shion will do so, thus meaning the end of the world. Naruto decides to challenge this ""prediction of death.""",0,94,
118,634528,en,The Marksman,287.586,2021-01-15,7.1,950,"['Action', 'Thriller', 'Crime']","Jim Hanson’s quiet life is suddenly disturbed by two people crossing the US/Mexico border – a woman and her young son – desperate to flee a Mexican cartel. After a shootout leaves the mother dead, Jim becomes the boy’s reluctant defender. He embraces his role as Miguel’s protector and will stop at nothing to get him to safety, as they go on the run from the relentless assassins.",22039969,108,Justice comes down to him.
119,763164,en,Apex,401.393,2021-11-12,5.3,50,"['Action', 'Thriller', 'Science Fiction']","Ex-cop James Malone is serving a life sentence for a crime he didn’t commit. He is offered a chance at freedom if he can survive a deadly game of Apex, in which six hunters pay for the pleasure of hunting another human on a remote island. He accepts, and once he arrives, all hell breaks loose.",0,108,The hunters will be hunted.
120,464052,en,Wonder Woman 1984,267.785,2020-12-16,6.6,6105,"['Action', 'Adventure', 'Fantasy']",A botched store robbery places Wonder Woman in a global battle against a powerful and mysterious ancient force that puts her powers in jeopardy.,165160005,151,A new era of wonder begins.
121,573164,es,Un rescate de huevitos,268.087,2021-08-12,8.1,256,"['Animation', 'Comedy']",A rooster and his fowl partner embark on a dangerous trip to the Congo to recover their stolen eggs from a group of Russian goons.,0,0,
122,520763,en,A Quiet Place Part II,252.028,2021-05-21,7.7,3294,"['Science Fiction', 'Thriller', 'Horror']","Following the events at home, the Abbott family now face the terrors of the outside world. Forced to venture into the unknown, they realize that the creatures that hunt by sound are not the only threats that lurk beyond the sand path.",297372261,97,Silence is not enough.
123,619778,en,Malignant,233.546,2021-09-01,7.1,979,"['Horror', 'Mystery', 'Thriller']","Madison is paralyzed by shocking visions of grisly murders, and her torment worsens as she discovers that these waking dreams are in fact terrifying realities with a mysterious tie to her past.",24640084,112,A new vision of terror.
124,529106,ru,Майор Гром: Чумной Доктор,248.521,2021-04-01,6.8,342,"['Action', 'Adventure']","Igor Grom is a skilled policeman from St. Petersburg, known for his daring nature and uncompromising attitude towards the criminals of all kinds. Incredible strength, analytical mind and integrity – these qualities make Major Grom the perfect policeman. Working tirelessly, he always pushes through, and meets the challenges standing in the way.",4493306,136,
125,729720,fr,Le Dernier Mercenaire,265.12,2021-07-30,6.8,431,"['Action', 'Comedy']","A mysterious former secret service agent must urgently return to France when his estranged son  is falsely accused of arms and drug trafficking by the government, following a blunder by an overzealous bureaucrat and a mafia operation.",0,110,The daddy of all secret agents.
126,883648,en,Little Big Mouth,239.444,2021-10-22,4.9,13,['Comedy'],"Kicked out of his band and home, a playful guitarist takes refuge with a bookkeeper, her son and dad. Is it possible to make sweet music together?",0,94,
127,739990,en,Nightbooks,227.322,2021-09-15,6.6,183,"['Fantasy', 'Family', 'Horror']","Alex, a boy obsessed with scary stories, is trapped by a witch in her modern, magical New York City apartment. His original hair-raising tales are the only thing keeping him safe as he desperately tries to find a way out of this twisted place.",0,103,Write for your life.
128,857702,en,LEGO Star Wars Terrifying Tales,242.303,2021-10-01,6.6,85,"['Family', 'Animation', 'Science Fiction', 'Comedy']","Poe Dameron and BB-8 must face the greedy crime boss Graballa the Hutt, who has purchased Darth Vader’s castle and is renovating it into the galaxy’s first all-inclusive Sith-inspired luxury hotel.",0,45,Rest in pieces.
129,671,en,Harry Potter and the Philosopher's Stone,234.446,2001-11-16,7.9,21302,"['Adventure', 'Fantasy']","Harry Potter has lived under the stairs at his aunt and uncle's house his whole life. But on his 11th birthday, he learns he's a powerful wizard—with a place waiting for him at the Hogwarts School of Witchcraft and Wizardry. As he learns to harness his newfound powers with the help of the school's kindly headmaster, Harry uncovers the truth about his parents' deaths—and about the villain who's to blame.",976475550,152,Let the Magic Begin.
130,315635,en,Spider-Man: Homecoming,266.445,2017-07-05,7.4,17065,"['Action', 'Adventure', 'Science Fiction', 'Drama']","Following the events of Captain America: Civil War, Peter Parker, with the help of his mentor Tony Stark, tries to balance his life as an ordinary high school student in Queens, New York City, with fighting crime as his superhero alter ego Spider-Man as a new threat, the Vulture, emerges.",880166924,133,Homework can wait. The city can't.
131,385687,en,Fast & Furious 10,211.849,2023-04-06,0.0,0,"['Action', 'Crime']",The tenth installment in the Fast Saga.,0,0,
132,880009,es,Catalina la Catrina: especial Día de Muertos,260.402,2021-10-01,3.3,5,"['Family', 'Animation']",,0,0,
133,826914,en,Muppets Haunted Mansion,206.82,2021-10-08,6.9,86,"['Comedy', 'Family', 'TV Movie']",Gonzo is challenged to spend one night in The Haunted Mansion on Halloween night.,0,52,Cue the light(ning)!
134,617502,en,Jolt,243.844,2021-07-15,6.8,753,"['Action', 'Comedy']","Lindy is an acid-tongued woman with rage issues who controls her temper by shocking herself with an electrode vest. One day she makes a connection with Justin, who gives her a glimmer of hope for a shock-free future, but when he’s murdered she launches herself on a revenge-fueled rampage in pursuit of his killer.",0,91,You're in for a shock.
135,429617,en,Spider-Man: Far From Home,273.535,2019-06-28,7.5,10893,"['Action', 'Adventure', 'Science Fiction']","Peter Parker and his friends go on a summer trip to Europe. However, they will hardly be able to rest - Peter will have to agree to help Nick Fury uncover the mystery of creatures that cause natural disasters and destruction throughout the continent.",1131927996,129,It’s time to step up.
136,800497,en,Werewolves Within,225.012,2021-06-25,6.1,179,"['Comedy', 'Horror']","When a proposed pipeline creates hostilities between residents of a small town, a newly-arrived forest ranger must keep the peace after a snowstorm confines the townspeople to an old lodge. But when a mysterious creature begins terrorizing the group, their worst tendencies and prejudices rise to the surface, and it is up to the ranger to keep the residents alive, both from each other and the monster which plagues them.",250811,97,A whodunnit with teeth.
137,537915,en,After,239.301,2019-04-11,7.2,6704,"['Romance', 'Drama']","Tessa Young is a dedicated student, dutiful daughter and loyal girlfriend to her high school sweetheart. Entering her first semester of college, Tessa's guarded world opens up when she meets Hardin Scott, a mysterious and brooding rebel who makes her question all she thought she knew about herself -- and what she wants out of life.",69497587,106,"After your first, life is never the same."
138,347201,ja,BORUTO -NARUTO THE MOVIE-,229.477,2015-08-07,7.7,917,"['Animation', 'Action', 'Comedy']","The spirited Boruto Uzumaki, son of Seventh Hokage Naruto, is a skilled ninja who possesses the same brashness and passion his father once had. However, the constant absence of his father, who is busy with his Hokage duties, puts a damper on Boruto's fire. He ends up meeting his father's friend Sasuke, and requests to become... his apprentice!? The curtain on the story of the new generation rises!",40200000,95,Forge your own path.
139,587807,en,Tom & Jerry,232.966,2021-02-11,7.1,1831,"['Comedy', 'Family', 'Animation']","Tom the cat and Jerry the mouse get kicked out of their home and relocate to a fancy New York hotel, where a scrappy employee named Kayla will lose her job if she can’t evict Jerry before a high-class wedding at the hotel. Her solution? Hiring Tom to get rid of the pesky mouse.",132000000,101,Best of enemies. Worst of friends.
140,559,en,Spider-Man 3,236.031,2007-05-01,6.3,10473,"['Fantasy', 'Action', 'Adventure']","The seemingly invincible Spider-Man goes up against an all-new crop of villains—including the shape-shifting Sandman. While Spider-Man’s superpowers are altered by an alien organism, his alter ego, Peter Parker, deals with nemesis Eddie Brock and also gets caught up in a love triangle.",890871626,139,The battle within.
141,585083,en,Hotel Transylvania: Transformania,190.917,2022-01-14,0.0,0,"['Family', 'Animation', 'Fantasy', 'Comedy', 'Adventure']","When Van Helsing's mysterious invention, the \""Monsterfication Ray,\"" goes haywire, Drac and his monster pals are all transformed into humans, and Johnny becomes a monster. In their new mismatched bodies, Drac and Johnny must team up and race across the globe to find a cure before it's too late, and before they drive each other crazy.",0,0,Change can be scary.
142,508442,en,Soul,229.134,2020-12-25,8.2,7165,"['Animation', 'Comedy', 'Fantasy', 'Family']","Joe Gardner is a middle school teacher with a love for jazz music. After a successful audition at the Half Note Club, he suddenly gets into an accident that separates his soul from his body and is transported to the You Seminar, a center in which souls develop and gain passions before being transported to a newborn child. Joe must enlist help from the other souls-in-training, like 22, a soul who has spent eons in the You Seminar, in order to get back to Earth.",136384442,101,Is all this living really worth dying for?
143,317442,ja,The Last: Naruto the Movie,244.198,2014-12-06,7.9,1069,"['Action', 'Romance', 'Animation']","Two years after the events of the Fourth Great Ninja War, the moon that Hagoromo Otsutsuki created long ago to seal away the Gedo Statue begins to descend towards the world, threatening to become a meteor that would destroy everything on impact. Amidst this crisis, a direct descendant of Kaguya Otsutsuki named Toneri Otsutsuki attempts to kidnap Hinata Hyuga but ends up abducting her younger sister Hanabi. Naruto and his allies now mount a rescue mission before finding themselves embroiled in a final battle to decide the fate of everything.",16500000,114,
144,567189,en,Tom Clancy's Without Remorse,223.53,2021-04-29,7.2,1641,"['Action', 'Thriller']",An elite Navy SEAL uncovers an international conspiracy while seeking justice for the murder of his pregnant wife.,0,109,From the author of Rainbow Six.
145,449406,en,Vivo,208.114,2021-07-30,7.7,415,"['Animation', 'Family', 'Comedy']",A music-loving kinkajou named Vivo embarks on the journey of a lifetime to fulfill his destiny and deliver a love song for an old friend.,0,99,One song can change everything.
146,719088,ja,イエスかノーか半分か,234.805,2020-12-11,6.4,11,"['Animation', 'Drama', 'Romance']","Kunieda Kei is a popular, young TV announcer whose public and private personas are so different, they might be called extreme. On the outside, he is the picture of perfection, affectionately nicknamed ""The Prince,"" while on the inside he is constantly cursing at all of the incompetence around him. Of course, no one knows this secret of his.  One day, Kei meets animation artist Tsuzuki Ushio for a work assignment. While Kei is in ""inside mode,"" he later runs into Tsuzuki, who doesn't recognize him in his worn-out sweats and a facemask, but as compensation for injuring Tsuzuki's arm, Kei gets roped into helping out with his work.",0,53,
147,522241,en,The Courier,224.855,2021-03-18,7.2,456,"['Thriller', 'History', 'Drama']",Cold War spy Greville Wynne and his Russian source try to put an end to the Cuban Missile Crisis.,24901420,112,Based on the incredible true story of a Welsh businessman turned spy.
148,637693,en,Spirit Untamed,215.011,2021-05-20,7.8,288,"['Animation', 'Adventure', 'Family', 'Western']",Lucky Prescott's life is changed forever when she moves from her home in the city to a small frontier town and befriends a wild mustang named Spirit.,17635215,88,Adventure awaits.
149,850818,en,"Barbie: Big City, Big Dreams",216.59,2021-08-20,7.2,73,"['Animation', 'Music', 'Family']","Barbie swaps the sunny shores of Malibu for the bright lights of Broadway to attend an excusive summer performing arts program and meets…Barbie!  Fast friends, the two discover they share more than a name as they explore New York City and all the amazing things they have in common.  As they compete for the coveted once-in-a-lifetime Spotlight Solo from Times Square, the friends discover competition isn’t all about winning, it’s about striving to be your best, overcoming doubts, and sharing the spotlight.",0,62,
150,882812,es,No me echen ese muerto,173.395,2021-10-09,7.4,17,['Comedy'],,0,0,
151,581644,en,The Misfits,239.557,2021-06-10,5.6,163,['Action'],"After being recruited by a group of unconventional thieves, renowned criminal Richard Pace finds himself caught up in an elaborate gold heist that promises to have far-reaching implications on his life and the lives of countless others.",0,94,They're not bad guys. They just steal from them.
152,841755,en,Mortal Kombat Legends: Battle of the Realms,200.515,2021-08-30,8.1,177,"['Animation', 'Action', 'Fantasy']","The Earthrealm heroes must journey to the Outworld and fight for the survival of their homeland, invaded by the forces of evil warlord Shao Kahn, in the tournament to end all tournaments: the final Mortal Kombat.",0,80,
153,15092,en,Crank: High Voltage,219.241,2009-04-16,6.0,2115,"['Action', 'Thriller', 'Crime']",Chelios faces a Chinese mobster who has stolen his nearly indestructible heart and replaced it with a battery-powered ticker that requires regular jolts of electricity to keep working.,34560577,96,"Stay Charged, Stay Alive!"
154,522478,en,Peter Rabbit 2: The Runaway,211.56,2021-03-25,7.4,426,"['Family', 'Comedy', 'Adventure', 'Animation', 'Fantasy']","Bea, Thomas, and the rabbits have created a makeshift family, but despite his best efforts, Peter can’t seem to shake his mischievous reputation. Adventuring out of the garden, Peter finds himself in a world where his mischief is appreciated, but when his family risks everything to come looking for him, Peter must figure out what kind of bunny he wants to be.",153000000,93,The garden was just the beginning.
155,586047,ko,서복,212.792,2021-04-12,7.5,90,"['Science Fiction', 'Action']","A former intelligence agent gets involved with the first human clone, Seo Bok, who others seek, causing trouble.",0,114,Live the Moment
156,400160,en,The SpongeBob Movie: Sponge on the Run,200.485,2020-08-14,7.7,2343,"['Family', 'Animation', 'Fantasy', 'Adventure', 'Comedy']","When his best friend Gary is suddenly snatched away, SpongeBob takes Patrick on a madcap mission far beyond Bikini Bottom to save their pink-shelled pal.",4700000,95,They're Not in Bikini Bottom Anymore.
157,559907,en,The Green Knight,197.458,2021-07-29,6.7,498,"['Adventure', 'Drama', 'Fantasy']","An epic fantasy adventure based on the timeless Arthurian legend, The Green Knight tells the story of Sir Gawain, King Arthur's reckless and headstrong nephew, who embarks on a daring quest to confront the eponymous Green Knight, a gigantic emerald-skinned stranger and tester of men.",18192220,130,When honor was everything.
158,597433,en,Beckett,203.703,2021-08-04,6.4,383,"['Action', 'Crime', 'Drama', 'Mystery']","While vacationing in Greece, Beckett, becomes the target of a manhunt after a devastating car accident forces him to run for his life across the country to clear his name but tensions escalate as the authorities close in and political unrest mounts which makes Beckett fall even deeper into a dangerous web of conspiracy.",0,109,Born to be murdered.
159,871875,en,Escape The Undertaker,204.213,2021-10-05,5.3,26,"['Horror', 'Mystery', 'Family']","The Undertaker has set a trap for the decorated tag team The New Day at his mansion. What they don't know: The Undertaker's mansion is an extreme Haunted House, packed to the brim with supernatural challenges. It's up to viewers to decide the fate of these poor souls trying to survive the wrath of The Undertaker.",0,31,
160,674,en,Harry Potter and the Goblet of Fire,212.082,2005-11-16,7.8,16256,"['Adventure', 'Fantasy', 'Family']","When Harry Potter's name emerges from the Goblet of Fire, he becomes a competitor in a grueling battle for glory among three wizarding schools—the Triwizard Tournament. But since Harry never submitted his name for the Tournament, who did? Now Harry must confront a deadly dragon, fierce water demons and an enchanted maze only to find himself in the cruel grasp of He Who Must Not Be Named.",895921036,157,Dark And Difficult Times Lie Ahead.
161,656940,en,Body Brokers,193.708,2021-02-19,6.6,47,"['Thriller', 'Crime']","Utah and his girlfriend Opal, are drug addicts living on the streets in rural Ohio. After getting recruited by body broker Wood, and offered treatment in Los Angeles, Wood takes Utah under his wing and introduces him to treatment center mogul Vin. Wood and Vin bring Utah in on their lucrative and illegal dealings, where saving lives comes second to the bottom line.",0,111,Drugs. Rehab. Profit.
162,672,en,Harry Potter and the Chamber of Secrets,216.882,2002-11-13,7.7,17203,"['Adventure', 'Fantasy']","Cars fly, trees fight back, and a mysterious house-elf comes to warn Harry Potter at the start of his second year at Hogwarts. Adventure and danger await when bloody writing on a wall announces: The Chamber Of Secrets Has Been Opened. To save Hogwarts will require all of Harry, Ron and Hermione’s magical abilities and courage.",876688482,161,Hogwarts is back in session.
163,8960,en,Hancock,226.726,2008-07-01,6.3,7665,"['Fantasy', 'Action']","Hancock is a down-and-out superhero who's forced to employ a PR expert to help repair his image when the public grows weary of all the damage he's inflicted during his lifesaving heroics. The agent's idea of imprisoning the antihero to make the world miss him proves successful, but will Hancock stick to his new sense of purpose or slip back into old habits?",629443428,92,Bad Behavior. Bad Attitude. Real Hero.
164,585216,en,Escape Room: Tournament of Champions,174.019,2021-07-01,6.9,709,"['Horror', 'Thriller', 'Mystery']","Six people unwittingly find themselves locked in another series of escape rooms, slowly uncovering what they have in common to survive as they discover all the games that they've played before.",44888959,88,Winning was just the beginning.
165,638045,en,The Toll,200.391,2021-03-26,6.2,59,"['Thriller', 'Horror']",A socially awkward driver and a weary passenger try to make it to their destination while being haunted by a supernatural threat.,0,80,You gotta pay the troll toll
166,25769,en,Carriers,203.334,2009-09-04,5.8,815,"['Action', 'Drama', 'Horror', 'Science Fiction', 'Thriller']","A deadly virus has spread across the globe. Contagion is everywhere, no one is safe, and no one can be trusted. Four friends race through the back roads of the American West on their way to a secluded utopian beach in the Gulf of Mexico where they could peacefully wait out the pandemic. Their plans take a grim turn when their car breaks down on an isolated road starting a chain of events that will seal their fates.",5802422,84,"The rules are simple. You break them, you die..."
167,299534,en,Avengers: Endgame,193.86,2019-04-24,8.3,19434,"['Adventure', 'Science Fiction', 'Action']","After the devastating events of Avengers: Infinity War, the universe is in ruins due to the efforts of the Mad Titan, Thanos. With the help of remaining allies, the Avengers must assemble once more in order to undo Thanos' actions and restore order to the universe once and for all, no matter what consequences may be in store.",2797800564,181,Part of the journey is the end.
168,531219,en,Roald Dahl's The Witches,197.823,2020-10-25,6.5,1941,"['Family', 'Fantasy', 'Adventure', 'Comedy', 'Horror']","In late 1967, a young orphaned boy goes to live with his loving grandma in the rural Alabama town of Demopolis. As the boy and his grandmother encounter some deceptively glamorous but thoroughly diabolical witches, she wisely whisks him away to a seaside resort. Regrettably, they arrive at precisely the same time that the world's Grand High Witch has gathered.",0,106,They're real!
169,673,en,Harry Potter and the Prisoner of Azkaban,208.631,2004-05-31,8.0,16913,"['Adventure', 'Fantasy']","Year three at Hogwarts means new fun and challenges as Harry learns the delicate art of approaching a Hippogriff, transforming shape-shifting Boggarts into hilarity and even turning back time. But the term also brings danger: soul-sucking Dementors hover over the school, an ally of the accursed He-Who-Cannot-Be-Named lurks within the castle walls, and fearsome wizard Sirius Black escapes Azkaban. And Harry will confront them all.",789804554,141,Something wicked this way comes.
170,505262,ja,僕のヒーローアカデミア THE MOVIE ～2人の英雄～,220.805,2018-08-03,8.0,677,"['Animation', 'Action', 'Adventure', 'Fantasy']","All Might and Deku accept an invitation to go abroad to a floating and mobile manmade city, called 'I-Island', where they research quirks as well as hero supplemental items at the special 'I-Expo' convention that is currently being held on the island. During that time, suddenly, despite an iron wall of security surrounding the island, the system is breached by a villain, and the only ones able to stop him are the students of Class 1-A.",31478826,96,Who is your hero?
171,740925,en,No One Gets Out Alive,172.059,2021-09-29,6.0,223,"['Horror', 'Thriller', 'Mystery']",An immigrant in search of the American dream is forced to take a room in a boarding house and soon finds herself in a nightmare from which she can't escape.,0,85,Don’t try to leave. It’ll only make things worse.
172,866408,zh,火星异变,213.619,2021-08-27,6.3,19,"['Drama', 'Science Fiction']","In the near future, the Earth’s resources are gradually getting scarce. In order to continue the hope of survival for generations of children and grandchildren, top scientists from various countries have brought several species of animals and plants to Mars for research, hoping to improve the Martian environment through advanced science and technology to make it suitable for human habitation.",0,0,
173,24428,en,The Avengers,209.584,2012-04-25,7.7,25642,"['Science Fiction', 'Action', 'Adventure']","When an unexpected enemy emerges and threatens global safety and security, Nick Fury, director of the international peacekeeping agency known as S.H.I.E.L.D., finds himself in need of a team to pull the world back from the brink of disaster. Spanning the globe, a daring recruitment effort begins!",1518815515,143,Some assembly required.
174,814780,en,Farm to Fork to Love,194.391,2021-04-29,5.2,5,"['Romance', 'TV Movie']","Alice, a young and talented sous chef at NY's top restaurant, receives an invitation to judge a food competition for a prestigious annual fundraiser.",0,87,
175,102382,en,The Amazing Spider-Man 2,221.297,2014-04-16,6.4,9866,"['Action', 'Adventure', 'Fantasy']","For Peter Parker, life is busy. Between taking out the bad guys as Spider-Man and spending time with the person he loves, Gwen Stacy, high school graduation cannot come quickly enough. Peter has not forgotten about the promise he made to Gwen’s father to protect her by staying away, but that is a promise he cannot keep. Things will change for Peter when a new villain, Electro, emerges, an old friend, Harry Osborn, returns, and Peter uncovers new clues about his past.",708962323,142,No more secrets.
176,800823,es,A todo tren: destino Asturias,186.728,2021-07-08,4.7,33,"['Comedy', 'Family']","When Ricardo, a responsible father, decides to personally take his son to a camp in Asturias, other parents propose that he should also take care of their children. When the train is about to leave, Felipe, a flamboyant individual and grandfather of two of the children, shows up at the station.",3468053,90,A hilarious adventure (as long as it doesn't happen to you)
177,198663,en,The Maze Runner,204.576,2014-09-10,7.2,13987,"['Action', 'Mystery', 'Science Fiction', 'Thriller']","Set in a post-apocalyptic world, young Thomas is deposited in a community of boys after his memory is erased, soon learning they're all trapped in a maze that will require him to join forces with fellow “runners” for a shot at escape.",348319861,113,Remember. Survive. Run.
178,11932,en,Bride of Chucky,175.452,1998-10-16,5.9,1302,"['Horror', 'Comedy', 'Romance']","Chucky hooks up with another murderous doll, the bridal gown-clad Tiffany, for a Route 66 murder spree with their unwitting hosts.",50671850,89,Chucky Gets Lucky.
179,604822,zh,急先锋,188.834,2020-09-30,6.3,374,"['Action', 'Adventure', 'Crime']",Covert security company Vanguard is the last hope of survival for an accountant after he is targeted by the world's deadliest mercenary organization.,27900000,107,
180,11322,en,Public Enemies,165.954,2009-07-01,6.7,3432,"['Crime', 'History']","Depression-era bank robber John Dillinger's charm and audacity endear him to much of America's downtrodden public, but he's also a thorn in the side of J. Edgar Hoover and the fledgling FBI. Desperate to capture the elusive outlaw, Hoover makes Dillinger his first Public Enemy Number One and assigns his top agent, Melvin Purvis, the task of bringing him in dead or alive.",214104620,140,America's Most Wanted.
181,431075,en,Polaroid,218.474,2019-01-10,5.8,684,"['Horror', 'Thriller', 'Mystery']","High school loner Bird Fitcher has no idea what dark secrets are tied to the mysterious Polaroid vintage camera she stumbles upon, but it doesn't take long to discover that those who have their picture taken meet a tragic end. Bird and her friends must survive one more night as they race to solve the mystery of the haunted Polaroid before it kills them all.",0,88,"Beware This Camera...Once You Take It, It Takes You."
182,159211,en,The Haunting of Helena,173.551,2013-01-14,5.6,115,"['Horror', 'Thriller']","After a divorce, Sophia moves to the south of Italy with her daughter, Helena. Their new home, an apartment within an austere building of the fascist age, is a chance for them to start a new life. But inside an old storage room hides a mysterious closet and a buried secret. After the loss of Helena’s first baby tooth, a chilling obsession begins and an apparition haunts her sleep...",0,87,She's coming for her.
183,12445,en,Harry Potter and the Deathly Hallows: Part 2,191.193,2011-07-07,8.1,16362,"['Fantasy', 'Adventure']","Harry, Ron and Hermione continue their quest to vanquish the evil Voldemort once and for all. Just as things begin to look hopeless for the young wizards, Harry discovers a trio of magical objects that endow him with powers to rival Voldemort's formidable skills.",1341511219,130,It all ends here.
184,22894,en,Legion,189.34,2010-01-21,5.7,1933,"['Horror', 'Action', 'Fantasy']","When God loses faith in humankind, he sends his legion of angels to bring on the Apocalypse. Humanity's only hope for survival lies in a group of strangers trapped in an out-of-the-way, desert diner with the Archangel Michael.",67918658,100,"When the last angel falls, the fight for mankind begins."
185,834404,en,Teen Titans Go! See Space Jam,199.353,2021-06-20,7.0,143,"['Animation', 'Action', 'Adventure', 'Comedy', 'Family', 'Fantasy', 'Science Fiction']","The Teen Titans are visited by the Nerdlucks, the Space Jam villains who tried to capture Michael Jordan and the Looney Tunes. Astonished to discover his fellow Titans have never seen Space Jam, Cyborg organizes an exclusive watch party. Of course, if the Titans are watching a movie, don't expect silence to be golden. Raven and Starfire provide the commentary, Cyborg presents the fun facts, Beast Boy points out the butt shots, and Robin, but Robin doesn't trust their new alien friends. Are the Nerdlucks here to attend an innocent watch party, or do they have more sinister motives up their sleeves?",0,80,
186,557,en,Spider-Man,221.416,2002-05-01,7.2,14296,"['Fantasy', 'Action']","After being bitten by a genetically altered spider at Oscorp, nerdy but endearing high school student Peter Parker is endowed with amazing powers to become the superhero known as Spider-Man.",821708551,121,Go for the ultimate spin.
187,623135,ko,싱크홀,189.962,2021-08-11,7.3,21,"['Comedy', 'Drama']","The average citizen Dong-won and his family move into a house bought after years of hard work. Filled with happiness, he invites his colleagues for a housewarming party, but the heavy rain during the night before creates a gigantic sinkhole, and in a mere minute, it swallows up the whole house and the people inside. Hundreds of meters down the hole, Dong-won, his neighbor Man-su, and the unfortunate guests must find their way out. Rain starts to pour down, filling the sinkhole with water, and they’re running out of time.",0,113,A house earned after 11 years of effort falls deep into the ground in a minute
188,763532,en,Long Story Short,179.125,2021-02-11,7.4,51,"['Romance', 'Comedy', 'Fantasy']","Teddy wakes up the morning after his wedding to discover that he's jumped forward a year in his life to his first anniversary. Trapped in an endless cycle of time jumps, transported another year ahead every few minutes, he is faced with a race against time as his life crumbles around him.",0,90,Love... blink and you'll miss it.
189,615658,en,Awake,194.284,2021-06-09,6.0,708,"['Drama', 'Science Fiction', 'Thriller']","After a sudden global event wipes out all electronics and takes away humankind’s ability to sleep, chaos quickly begins to consume the world. Only Jill, an ex-soldier with a troubled past, may hold the key to a cure in the form of her own daughter. The question is, can Jill safely deliver her daughter and save the world before she herself loses her mind.",0,96,Disorientation. Hallucinations. Hysteria. Sleep is survival.
190,12444,en,Harry Potter and the Deathly Hallows: Part 1,186.846,2010-10-17,7.8,15180,"['Adventure', 'Fantasy']","Harry, Ron and Hermione walk away from their last year at Hogwarts to find and destroy the remaining Horcruxes, putting an end to Voldemort's bid for immortality. But with Harry's beloved Dumbledore dead and Voldemort's unscrupulous Death Eaters on the loose, the world is more dangerous than ever.",954305868,146,One Way… One Fate… One Hero.
191,512025,en,There's Someone Inside Your House,181.842,2021-09-24,5.7,259,"['Horror', 'Thriller', 'Mystery']","As the countdown to graduation begins, students at Osborne High are being stalked by a maniac intent on exposing their darkest secrets to the entire town, terrorizing victims while wearing a life-like mask of their own face. With a mysterious past of her own, Makani and her friends must discover the killer's identity before they become victims themselves.",0,96,Everyone has a secret to die for.
192,767,en,Harry Potter and the Half-Blood Prince,188.106,2009-07-07,7.7,15241,"['Adventure', 'Fantasy']","As Lord Voldemort tightens his grip on both the Muggle and wizarding worlds, Hogwarts is no longer a safe haven. Harry suspects perils may even lie within the castle, but Dumbledore is more intent upon preparing him for the final battle fast approaching. Together they work to find the key to unlock Voldemorts defenses and to this end, Dumbledore recruits his old friend and colleague Horace Slughorn, whom he believes holds crucial information. Even as the decisive showdown looms, romance blossoms for Harry, Ron, Hermione and their classmates. Love is in the air, but danger lies ahead and Hogwarts may never be the same again.",933959197,153,Dark Secrets Revealed
193,768744,ja,僕のヒーローアカデミア THE MOVIE ワールド ヒーローズ ミッション,184.977,2021-08-06,7.2,21,"['Animation', 'Action', 'Comedy', 'Fantasy', 'Adventure']","A mysterious group called Humarize strongly believes in the Quirk Singularity Doomsday theory which states that when quirks get mixed further in with future generations, that power will bring forth the end of humanity. In order to save everyone, the Pro-Heroes around the world ask UA Academy heroes-in-training to assist them and form a world-classic selected hero team. It is up to the heroes to save the world and the future of heroes in what is the most dangerous crisis to take place yet in My Hero Academia.",38410729,101,Their fight is our future.
194,653349,en,Vacation Friends,144.236,2021-08-27,7.3,326,['Comedy'],"When a straight-laced couple that has fun with a rowdy couple on vacation in Mexico return to the States, they discover that the crazy couple they met in Mexico followed them back home and decide to play tricks on them.",0,103,They came home with some extra baggage.
195,615457,en,Nobody,191.625,2021-03-18,8.3,3624,"['Action', 'Crime', 'Thriller', 'Drama']","Hutch Mansell, a suburban dad, overlooked husband, nothing neighbor — a ""nobody."" When two thieves break into his home one night, Hutch's unknown long-simmering rage is ignited and propels him on a brutal path that will uncover dark secrets he fought to leave behind.",61779301,92,Never underestimate a nobody.
196,38234,en,Undisputed III: Redemption,200.045,2010-05-22,7.5,569,"['Action', 'Thriller']","Russian inmate Boyka, now severely hobbled by the knee injury suffered at the end of Undisputed 2. No longer the feared prison fighter he was, he has declined so far that he is now good only for cleaning toilets. But when a new prison fight tournament begins - an international affair, matching the best fighters from prisons around the globe, enticing them with the promise of freedom for the winner - Boyka must reclaim his dignity and fight for his position in the tournament.",0,96,One deadly tournament. Last fight for freedom.
197,565028,en,Candyman,167.154,2021-08-25,6.4,564,"['Horror', 'Thriller']","Anthony and his partner move into a loft in the now gentrified Cabrini-Green, and after a chance encounter with an old-timer exposes Anthony to the true story behind Candyman, he unknowingly opens a door to a complex past that unravels his own sanity and unleashes a terrifying wave of violence.",77389310,91,Dare to say his name.
198,303857,ja,ドラゴンボールZ 復活の「F」,187.296,2015-04-18,6.8,1240,"['Action', 'Animation', 'Science Fiction']","One peaceful day on Earth, two remnants of Frieza's army named Sorbet and Tagoma arrive searching for the Dragon Balls with the aim of reviving Frieza. They succeed, and Frieza subsequently seeks revenge on the Saiyans.",61768190,93,
199,784500,ja,劇場版 美少女戦士セーラームーンEternal 後編,185.857,2021-02-11,8.2,90,"['Animation', 'Action', 'Adventure', 'Comedy', 'Drama', 'Fantasy', 'Romance']","While under the care of the Outer Sailor Guardians, Hotaru begins to age rapidly. Then, the time comes for all the Sailor Guardians to reunite!",0,80,
200,550205,en,Wish Dragon,182.12,2021-01-15,8.2,663,"['Animation', 'Family', 'Comedy', 'Fantasy']",Determined teen Din is longing to reconnect with his childhood best friend when he meets a wish-granting dragon who shows him the magic of possibilities.,25860000,99,Three magical wishes. One life changing adventure.
201,773660,es,Este amor es de otro planeta,247.872,2021-03-31,4.5,2,"['Comedy', 'Romance']",,0,88,
202,876576,en,Go! Go! Cory Carson: Chrissy Takes the Wheel,155.155,2021-09-21,5.5,8,"['Animation', 'Family']","From arcade games to sled days and hiccup cures, Cory Carson’s curious little sister Chrissy speeds off on her own for fun and adventure all over town!",0,0,
203,24021,en,The Twilight Saga: Eclipse,183.118,2010-06-23,6.2,7154,"['Adventure', 'Fantasy', 'Drama', 'Romance']","Bella once again finds herself surrounded by danger as Seattle is ravaged by a string of mysterious killings and a malicious vampire continues her quest for revenge. In the midst of it all, she is forced to choose between her love for Edward and her friendship with Jacob, knowing that her decision has the potential to ignite the ageless struggle between vampire and werewolf. With her graduation quickly approaching, Bella is confronted with the most important decision of her life.",698491347,124,It all begins... with a choice.
204,337401,en,Mulan,165.655,2020-09-04,7.0,5239,"['Adventure', 'Fantasy']","When the Emperor of China issues a decree that one man per family must serve in the Imperial Chinese Army to defend the country from Huns, Hua Mulan, the eldest daughter of an honored warrior, steps in to take the place of her ailing father. She is spirited, determined and quick on her feet. Disguised as a man by the name of Hua Jun, she is tested every step of the way and must harness her innermost strength and embrace her true potential.",66800000,115,
205,774456,es,García y García,172.079,2021-08-27,3.2,3,['Comedy'],,0,0,
206,809314,en,Trigger Point,181.905,2021-04-23,6.6,86,"['Action', 'Thriller']",Nicolas Shaw is a retired U.S. special operative who becomes part of an elite 'invisible' team that quietly takes out the worst villains around the world.,0,82,Everyone breaks.
207,22832,en,Ninja Assassin,158.219,2009-09-29,6.5,1053,['Action'],"Ninja Assassin follows Raizo, one of the deadliest assassins in the world. Taken from the streets as a child, he was transformed into a trained killer by the Ozunu Clan, a secret society whose very existence is considered a myth. But haunted by the merciless execution of his friend by the Clan, Raizo breaks free from them and vanishes. Now he waits, preparing to exact his revenge.",60462347,99,"Fear not the weapon, but the hand that wields it."
208,618162,en,The Harder They Fall,264.246,2021-10-22,6.6,197,['Western'],"Gunning for revenge, outlaw Nat Love saddles up with his gang to take down enemy Rufus Buck, a ruthless crime boss who just got sprung from prison.",0,139,A new day is dawning.
209,13475,en,Star Trek,170.815,2009-05-06,7.4,8170,"['Science Fiction', 'Action', 'Adventure']","The fate of the galaxy rests in the hands of bitter rivals. One, James Kirk, is a delinquent, thrill-seeking Iowa farm boy. The other, Spock, a Vulcan, was raised in a logic-based society that rejects all emotion. As fiery instinct clashes with calm reason, their unlikely but powerful partnership is the only thing capable of leading their crew through unimaginable danger, boldly going where no one has gone before. The human adventure has begun again.",385680446,127,The future begins.
210,32657,en,Percy Jackson & the Olympians: The Lightning Thief,172.953,2010-02-01,6.2,6008,"['Adventure', 'Fantasy', 'Family']","Accident prone teenager, Percy discovers he's actually a demi-God, the son of Poseidon, and he is needed when Zeus' lightning is stolen. Percy must master his new found skills in order to prevent a war between the Gods that could devastate the entire world.",226497209,118,Worlds collide.
211,474350,en,It Chapter Two,165.741,2019-09-04,6.9,6418,"['Horror', 'Fantasy']","27 years after overcoming the malevolent supernatural entity Pennywise, the former members of the Losers' Club, who have grown up and moved away from Derry, are brought back together by a devastating phone call.",473093228,169,You'll Float Again
212,393345,en,Cult of Chucky,149.692,2017-10-23,5.8,800,"['Horror', 'Thriller']","Confined to an asylum for the criminally insane, Nica Pierce is convinced that she, not Chucky, murdered her entire family. But when the psychiatrist introduces a new therapeutic ""Good Guy"" doll with a familiar face, a string of new, grisly deaths leads Nica to wonder if she isn't crazy after all.",2200000,91,You may feel a little prick
213,410113,fr,The Loud House Movie,177.043,2021-08-20,8.4,84,"['Animation', 'Family', 'Comedy', 'Music', 'Fantasy']",The Loud family travel to Scotland and discover they are descendants of Scottish royalty as they move into their giant ancestral castle.,0,83,The Louds are about to rule.
214,633515,nl,De Slag om de Schelde,172.669,2021-06-05,7.2,183,"['War', 'History', 'Drama']","November 1944. On the flooded isle of Walcheren, Zeeland, thousands of Allied soldiers are battling the German army. Three young lives become inextricably connected. A Dutch boy fighting for the Germans, an English glider pilot and a girl from Zeeland connected to the resistance against her will, are forced to make crucial choices that impact both their own freedom and the freedom of others.",0,124,
215,590706,en,Jiu Jitsu,165.469,2020-11-20,5.1,445,"['Fantasy', 'Action', 'Science Fiction']","Every six years, an ancient order of jiu-jitsu fighters joins forces to battle a vicious race of alien invaders. But when a celebrated war hero goes down in defeat, the fate of the planet and mankind hangs in the balance.",99924,102,"From the darkness, the ultimate fighter rises."
